company_domain,agency_name
,Invision
,BSSP
,VIA
,Noise13
,72andSunny
,UNKNOWN (recruiting)
,Leo Burnett
,Brains
,Praytell
,Rosewood
,VB+P
,Murder Hornet
,Tinsel Experiential (stagwell)
,Fantasy
,Opinionated
,MAS
,Gotham
,Anomaly
,Golin
,Traina
,OBExp (On Board Experiential)
,Haymaker
,Argonaut
,NVE
,Movers+Shakers
,Havas
,Conscious Minds Studios
,Marquee Brands
,Acorns
,Vuori
,Escape Pod
,Y&L
,Tombras
,"Evolve, experiences"
,Motive
,Hanson Dodge
,Callen
,Huge
,BarkleyOKRP
,Orchestra
,Block
,Oura Ring
,Tinuiti
,Maven
,Invisible North
,Manscape
,829 Studios
,George P. Johnson
,Momentum
,Tailored Brands
,MKG
,Noble People
,BeCore
,Mythology
,Sockeye
,"Nice & Serious"
,Grow
,RTO+P
,Duncan Channon
,Fact and Fiction
,TDA Boulder
,Erich-Kallman
,DNA&Stone
,Wolfgang
,Barrett Hofherr
,Something Different
,Cutwater
,Cartwright
,Cornett
,GLOW Creative
,Tracy Locke
,Barbarian
,Bandits & Friends
,Cactus
,Day One
,Sullivan
,Recruiter
,Boathouse
,PMG
,Known
,Orchard
,Curiosity
,Shipyard
,David & Goliath
,BetterHalf / Cult
,Mod Ops
,305Worldwide
,Koto
,Beardwood
,Otoh Agency
,Spaceship
,TinyWins
,Walrus
,Pinnacle
,Red Antler
,MotherNYC
,MullenLowe
,WorkInProgress
,Giant Spoon
,Invisible Dynamics
,Farrynheight
,Codeword
,Zues Jones
,Independent
,Omelet
,Digitas
,Proverb
,Dakoit
,Vayner
,FullWell
,Hunter
,Minds+Assembly
,The Difference Engine
,Unrivaled Sports
,Sylvain
,Betty
,DEPT
,MadeThought
,Spring Studios
,Material+
,Octagon
,MSLGroup
,160Over90
,Buck
,Ad Talent (recruiter)
,Grizzly
,Think True
,Weber
,OBE
,AKQA
,Tangerine
,180LA
,The Many
,Instrument
,Colossus
,Taylor
,FleishmanHillard
,Trade School (ATL)
,Redscout
,Trade School
,Intuit
,Chemistry
,SoundCloud
,Connelly Partners
,NFA
,Planet Propaganda
,Ghost Note
,Mythic
,Gradient Experience
,Manifold
,Matchstic
,Hit Play Agency
,Credit Karma
,FactorSF
,Cadre AI
,Zambezi
,MotherDesign
,Mojo
,GUT
,Preacher
,RPA
,Real Chemistry
,Wieden+Kennedy
,Mischief
,Opus Agency (experiential)
,Attn
,Local Projects
,Linksoul
,20nine
,Herman-Scheer
,BGB Group
,Agency EA
,Rise & Shine
,Mojo Supermarket
,Pilot44
,Snapchat
,Grove Collaborative
,Hook
,Deutsch
,Ogio
,The Gathery
,Standard Black
,TUX
,Revelyst
,Arts & Letters
